timestamp,ticker,title,series,yes_bid,yes_ask,volume,status
2025-12-19T23:33:37.561686,KXNBAGAME-25DEC21HOUSAC-SAC,"Houston vs Sacramento Winner?",,17,28,69,active
2025-12-19T23:33:37.561686,KXNBAGAME-25DEC21HOUSAC-HOU,"Houston vs Sacramento Winner?",,67,76,64,active
2025-12-19T23:33:37.561686,KXNBAGAME-25DEC21SASWAS-WAS,"San Antonio vs Washington Winner?",,13,15,328,active
2025-12-19T23:33:37.561686,KXNBAGAME-25DEC21SASWAS-SAS,"San Antonio vs Washington Winner?",,80,87,480,active
2025-12-19T23:33:37.561686,KXNBAGAME-25DEC21MILMIN-MIN,"Milwaukee vs Minnesota Winner?",,70,76,82,active
2025-12-19T23:33:37.561686,KXNBAGAME-25DEC21MILMIN-MIL,"Milwaukee vs Minnesota Winner?",,19,27,17,active
2025-12-19T23:33:37.561686,KXNBAGAME-25DEC20LALLAC-LAL,"Los Angeles L vs Los Angeles C Winner?",,66,70,11917,active
2025-12-19T23:33:37.561686,KXNBAGAME-25DEC20LALLAC-LAC,"Los Angeles L vs Los Angeles C Winner?",,29,34,3245,active
2025-12-19T23:33:37.561686,KXNBAGAME-25DEC20DALPHI-PHI,"Dallas vs Philadelphia Winner?",,52,56,2705,active
2025-12-19T23:33:37.561686,KXNBAGAME-25DEC20DALPHI-DAL,"Dallas vs Philadelphia Winner?",,43,50,3525,active
2025-12-19T23:33:37.561686,KXNBAGAME-25DEC19PHINYK-PHI,"Philadelphia vs New York Winner?",,31,32,695573,active
2025-12-19T23:33:37.561686,KXNBAGAME-25DEC19PHINYK-NYK,"Philadelphia vs New York Winner?",,68,69,560689,active
2025-12-19T23:34:41.444509,KXNBAGAME-25DEC21HOUSAC-SAC,"Houston vs Sacramento Winner?",,18,28,69,active
2025-12-19T23:34:41.444509,KXNBAGAME-25DEC21HOUSAC-HOU,"Houston vs Sacramento Winner?",,67,76,64,active
2025-12-19T23:34:41.444509,KXNBAGAME-25DEC21SASWAS-WAS,"San Antonio vs Washington Winner?",,13,15,328,active
2025-12-19T23:34:41.444509,KXNBAGAME-25DEC21SASWAS-SAS,"San Antonio vs Washington Winner?",,80,87,480,active
2025-12-19T23:34:41.444509,KXNBAGAME-25DEC21MILMIN-MIN,"Milwaukee vs Minnesota Winner?",,70,76,82,active
2025-12-19T23:34:41.444509,KXNBAGAME-25DEC21MILMIN-MIL,"Milwaukee vs Minnesota Winner?",,19,27,17,active
2025-12-19T23:34:41.444509,KXNBAGAME-25DEC21CHIATL-CHI,"Chicago vs Atlanta Winner?",,30,40,86,active
2025-12-19T23:34:41.444509,KXNBAGAME-25DEC21CHIATL-ATL,"Chicago vs Atlanta Winner?",,62,70,262,active
2025-12-19T23:34:41.444509,KXNBAGAME-25DEC20INDNOP-NOP,"Indiana vs New Orleans Winner?",,56,59,1083,active
2025-12-19T23:34:41.444509,KXNBAGAME-25DEC20INDNOP-IND,"Indiana vs New Orleans Winner?",,41,47,2919,active
2025-12-19T23:34:41.444509,KXNBAGAME-25DEC19PHINYK-PHI,"Philadelphia vs New York Winner?",,31,32,695843,active
2025-12-19T23:34:41.444509,KXNBAGAME-25DEC19PHINYK-NYK,"Philadelphia vs New York Winner?",,68,70,562704,active
2025-12-19T23:35:45.441574,KXNBAGAME-25DEC21HOUSAC-SAC,"Houston vs Sacramento Winner?",,18,28,69,active
2025-12-19T23:35:45.441574,KXNBAGAME-25DEC21HOUSAC-HOU,"Houston vs Sacramento Winner?",,67,76,64,active
2025-12-19T23:35:45.441574,KXNBAGAME-25DEC21SASWAS-WAS,"San Antonio vs Washington Winner?",,13,15,328,active
2025-12-19T23:35:45.441574,KXNBAGAME-25DEC21SASWAS-SAS,"San Antonio vs Washington Winner?",,80,87,480,active
2025-12-19T23:35:45.441574,KXNBAGAME-25DEC21MILMIN-MIN,"Milwaukee vs Minnesota Winner?",,70,76,82,active
2025-12-19T23:35:45.441574,KXNBAGAME-25DEC21MILMIN-MIL,"Milwaukee vs Minnesota Winner?",,19,27,17,active
2025-12-19T23:35:45.441574,KXNBAGAME-25DEC20LALLAC-LAL,"Los Angeles L vs Los Angeles C Winner?",,66,71,11917,active
2025-12-19T23:35:45.441574,KXNBAGAME-25DEC20LALLAC-LAC,"Los Angeles L vs Los Angeles C Winner?",,28,34,3245,active
2025-12-19T23:35:45.441574,KXNBAGAME-25DEC20INDNOP-NOP,"Indiana vs New Orleans Winner?",,56,59,1083,active
2025-12-19T23:35:45.441574,KXNBAGAME-25DEC20INDNOP-IND,"Indiana vs New Orleans Winner?",,41,47,2919,active
2025-12-19T23:35:45.441574,KXNBAGAME-25DEC19CHICLE-CLE,"Chicago vs Cleveland Winner?",,60,61,102438,active
2025-12-19T23:35:45.441574,KXNBAGAME-25DEC19CHICLE-CHI,"Chicago vs Cleveland Winner?",,39,40,490114,active
2025-12-19T23:36:16.766768,KXNBAGAME-25DEC21HOUSAC-SAC,"Houston vs Sacramento Winner?",,18,28,69,active
2025-12-19T23:36:16.766768,KXNBAGAME-25DEC21HOUSAC-HOU,"Houston vs Sacramento Winner?",,67,76,64,active
2025-12-19T23:36:16.766768,KXNBAGAME-25DEC21SASWAS-WAS,"San Antonio vs Washington Winner?",,13,15,328,active
2025-12-19T23:36:16.766768,KXNBAGAME-25DEC21SASWAS-SAS,"San Antonio vs Washington Winner?",,80,87,480,active
2025-12-19T23:36:16.766768,KXNBAGAME-25DEC21MILMIN-MIN,"Milwaukee vs Minnesota Winner?",,70,76,82,active
2025-12-19T23:36:16.766768,KXNBAGAME-25DEC21MILMIN-MIL,"Milwaukee vs Minnesota Winner?",,19,27,17,active
2025-12-19T23:36:16.766768,KXNBAGAME-25DEC21CHIATL-CHI,"Chicago vs Atlanta Winner?",,30,39,86,active
2025-12-19T23:36:16.766768,KXNBAGAME-25DEC21CHIATL-ATL,"Chicago vs Atlanta Winner?",,51,70,262,active
2025-12-19T23:36:16.766768,KXNBAGAME-25DEC20INDNOP-NOP,"Indiana vs New Orleans Winner?",,56,59,1083,active
2025-12-19T23:36:16.766768,KXNBAGAME-25DEC20INDNOP-IND,"Indiana vs New Orleans Winner?",,41,47,2919,active
2025-12-19T23:36:16.766768,KXNBAGAME-25DEC19CHICLE-CLE,"Chicago vs Cleveland Winner?",,60,61,102463,active
2025-12-19T23:36:16.766768,KXNBAGAME-25DEC19CHICLE-CHI,"Chicago vs Cleveland Winner?",,38,40,490309,active
2025-12-19T23:37:24.837234,KXNBAGAME-25DEC21HOUSAC-SAC,"Houston vs Sacramento Winner?",,18,28,69,active
2025-12-19T23:37:24.837234,KXNBAGAME-25DEC21HOUSAC-HOU,"Houston vs Sacramento Winner?",,67,76,64,active
2025-12-19T23:37:24.837234,KXNBAGAME-25DEC21SASWAS-WAS,"San Antonio vs Washington Winner?",,13,15,328,active
2025-12-19T23:37:24.837234,KXNBAGAME-25DEC21SASWAS-SAS,"San Antonio vs Washington Winner?",,80,87,480,active
2025-12-19T23:37:24.837234,KXNBAGAME-25DEC21MILMIN-MIN,"Milwaukee vs Minnesota Winner?",,70,76,82,active
2025-12-19T23:37:24.837234,KXNBAGAME-25DEC21MILMIN-MIL,"Milwaukee vs Minnesota Winner?",,19,27,17,active
2025-12-19T23:37:24.837234,KXNBAGAME-25DEC20LALLAC-LAL,"Los Angeles L vs Los Angeles C Winner?",,66,71,11926,active
2025-12-19T23:37:24.837234,KXNBAGAME-25DEC20LALLAC-LAC,"Los Angeles L vs Los Angeles C Winner?",,28,34,3245,active
2025-12-19T23:37:24.837234,KXNBAGAME-25DEC20INDNOP-NOP,"Indiana vs New Orleans Winner?",,56,59,1083,active
2025-12-19T23:37:24.837234,KXNBAGAME-25DEC20INDNOP-IND,"Indiana vs New Orleans Winner?",,41,47,2919,active
2025-12-19T23:37:24.837234,KXNBAGAME-25DEC19CHICLE-CLE,"Chicago vs Cleveland Winner?",,60,61,103017,active
2025-12-19T23:37:24.837234,KXNBAGAME-25DEC19CHICLE-CHI,"Chicago vs Cleveland Winner?",,39,40,490703,active
2025-12-19T23:38:33.108910,KXNBAGAME-25DEC21HOUSAC-SAC,"Houston vs Sacramento Winner?",,18,28,69,active
2025-12-19T23:38:33.108910,KXNBAGAME-25DEC21HOUSAC-HOU,"Houston vs Sacramento Winner?",,67,76,64,active
2025-12-19T23:38:33.108910,KXNBAGAME-25DEC21SASWAS-WAS,"San Antonio vs Washington Winner?",,13,15,328,active
2025-12-19T23:38:33.108910,KXNBAGAME-25DEC21SASWAS-SAS,"San Antonio vs Washington Winner?",,80,87,480,active
2025-12-19T23:38:33.108910,KXNBAGAME-25DEC21MILMIN-MIN,"Milwaukee vs Minnesota Winner?",,70,76,82,active
2025-12-19T23:38:33.108910,KXNBAGAME-25DEC21MILMIN-MIL,"Milwaukee vs Minnesota Winner?",,19,27,17,active
2025-12-19T23:38:33.108910,KXNBAGAME-25DEC21CHIATL-CHI,"Chicago vs Atlanta Winner?",,30,39,86,active
2025-12-19T23:38:33.108910,KXNBAGAME-25DEC21CHIATL-ATL,"Chicago vs Atlanta Winner?",,55,70,262,active
2025-12-19T23:38:33.108910,KXNBAGAME-25DEC20INDNOP-NOP,"Indiana vs New Orleans Winner?",,56,59,1091,active
2025-12-19T23:38:33.108910,KXNBAGAME-25DEC20INDNOP-IND,"Indiana vs New Orleans Winner?",,41,47,2919,active
2025-12-19T23:38:33.108910,KXNBAGAME-25DEC19PHINYK-PHI,"Philadelphia vs New York Winner?",,30,32,706958,active
2025-12-19T23:38:33.108910,KXNBAGAME-25DEC19PHINYK-NYK,"Philadelphia vs New York Winner?",,68,69,595754,active
2025-12-19T23:38:33.108910,KXNBATOTAL-25DEC19MIABOS-249,"Miami at Boston: Total Points",,13,18,734,active
2025-12-19T23:38:33.108910,KXNBATOTAL-25DEC19MIABOS-246,"Miami at Boston: Total Points",,17,21,4501,active
2025-12-19T23:38:33.108910,KXNBATOTAL-25DEC19MIABOS-243,"Miami at Boston: Total Points",,22,27,6101,active
2025-12-19T23:38:33.108910,KXNBATOTAL-25DEC19MIABOS-240,"Miami at Boston: Total Points",,30,33,328,active
2025-12-19T23:38:33.108910,KXNBATOTAL-25DEC19MIABOS-237,"Miami at Boston: Total Points",,35,39,1367,active
2025-12-19T23:38:33.108910,KXNBATOTAL-25DEC19MIABOS-234,"Miami at Boston: Total Points",,41,42,11447,active
2025-12-19T23:38:33.108910,KXNBATOTAL-25DEC19MIABOS-231,"Miami at Boston: Total Points",,50,51,37559,active
2025-12-19T23:38:33.108910,KXNBATOTAL-25DEC19MIABOS-228,"Miami at Boston: Total Points",,57,58,6657,active
2025-12-19T23:38:33.108910,KXNBATOTAL-25DEC19MIABOS-225,"Miami at Boston: Total Points",,61,64,1052,active
2025-12-19T23:38:33.108910,KXNBATOTAL-25DEC19MIABOS-222,"Miami at Boston: Total Points",,68,73,2036,active
2025-12-19T23:38:33.108910,KXNBATOTAL-25DEC19MIABOS-219,"Miami at Boston: Total Points",,73,75,2960,active
2025-12-19T23:39:37.743907,KXNBAGAME-25DEC21HOUSAC-SAC,"Houston vs Sacramento Winner?",,17,28,69,active
2025-12-19T23:39:37.743907,KXNBAGAME-25DEC21HOUSAC-HOU,"Houston vs Sacramento Winner?",,67,76,64,active
2025-12-19T23:39:37.743907,KXNBAGAME-25DEC21SASWAS-WAS,"San Antonio vs Washington Winner?",,13,15,328,active
2025-12-19T23:39:37.743907,KXNBAGAME-25DEC21SASWAS-SAS,"San Antonio vs Washington Winner?",,80,87,480,active
2025-12-19T23:39:37.743907,KXNBAGAME-25DEC21MILMIN-MIN,"Milwaukee vs Minnesota Winner?",,70,76,82,active
2025-12-19T23:39:37.743907,KXNBAGAME-25DEC21MILMIN-MIL,"Milwaukee vs Minnesota Winner?",,19,27,17,active
2025-12-19T23:39:37.743907,KXNBAGAME-25DEC21CHIATL-CHI,"Chicago vs Atlanta Winner?",,30,39,146,active
2025-12-19T23:39:37.743907,KXNBAGAME-25DEC21CHIATL-ATL,"Chicago vs Atlanta Winner?",,57,70,262,active
2025-12-19T23:39:37.743907,KXNBAGAME-25DEC20INDNOP-NOP,"Indiana vs New Orleans Winner?",,56,59,1091,active
2025-12-19T23:39:37.743907,KXNBAGAME-25DEC20INDNOP-IND,"Indiana vs New Orleans Winner?",,41,47,2919,active
2025-12-19T23:39:37.743907,KXNBAGAME-25DEC20BOSTOR-TOR,"Boston vs Toronto Winner?",,48,51,790,active
2025-12-19T23:39:37.743907,KXNBAGAME-25DEC20BOSTOR-BOS,"Boston vs Toronto Winner?",,51,54,2130,active
2025-12-19T23:39:37.743907,KXNBAGAME-25DEC19MIABOS-MIA,"Miami vs Boston Winner?",,28,29,804121,active
2025-12-19T23:39:37.743907,KXNBAGAME-25DEC19MIABOS-BOS,"Miami vs Boston Winner?",,71,72,191102,active
2025-12-19T23:40:41.752555,KXNBAGAME-25DEC21HOUSAC-SAC,"Houston vs Sacramento Winner?",,17,28,69,active
2025-12-19T23:40:41.752555,KXNBAGAME-25DEC21HOUSAC-HOU,"Houston vs Sacramento Winner?",,68,76,64,active
2025-12-19T23:40:41.752555,KXNBAGAME-25DEC21SASWAS-WAS,"San Antonio vs Washington Winner?",,13,15,328,active
2025-12-19T23:40:41.752555,KXNBAGAME-25DEC21SASWAS-SAS,"San Antonio vs Washington Winner?",,80,87,480,active
2025-12-19T23:40:41.752555,KXNBAGAME-25DEC21MILMIN-MIN,"Milwaukee vs Minnesota Winner?",,70,76,82,active
2025-12-19T23:40:41.752555,KXNBAGAME-25DEC21MILMIN-MIL,"Milwaukee vs Minnesota Winner?",,19,27,17,active
2025-12-19T23:40:41.752555,KXNBAGAME-25DEC20LALLAC-LAL,"Los Angeles L vs Los Angeles C Winner?",,66,72,11966,active
2025-12-19T23:40:41.752555,KXNBAGAME-25DEC20LALLAC-LAC,"Los Angeles L vs Los Angeles C Winner?",,28,33,3245,active
2025-12-19T23:40:41.752555,KXNBAGAME-25DEC20INDNOP-NOP,"Indiana vs New Orleans Winner?",,56,59,1091,active
2025-12-19T23:40:41.752555,KXNBAGAME-25DEC20INDNOP-IND,"Indiana vs New Orleans Winner?",,41,48,2935,active
2025-12-19T23:40:41.752555,KXNBAGAME-25DEC19CHICLE-CLE,"Chicago vs Cleveland Winner?",,60,61,103584,active
2025-12-19T23:40:41.752555,KXNBAGAME-25DEC19CHICLE-CHI,"Chicago vs Cleveland Winner?",,39,40,491914,active
2025-12-19T23:41:45.952391,KXNBAGAME-25DEC21HOUSAC-SAC,"Houston vs Sacramento Winner?",,18,27,69,active
2025-12-19T23:41:45.952391,KXNBAGAME-25DEC21HOUSAC-HOU,"Houston vs Sacramento Winner?",,68,76,64,active
2025-12-19T23:41:45.952391,KXNBAGAME-25DEC21SASWAS-WAS,"San Antonio vs Washington Winner?",,13,15,328,active
2025-12-19T23:41:45.952391,KXNBAGAME-25DEC21SASWAS-SAS,"San Antonio vs Washington Winner?",,80,87,480,active
2025-12-19T23:41:45.952391,KXNBAGAME-25DEC21MILMIN-MIN,"Milwaukee vs Minnesota Winner?",,70,76,82,active
2025-12-19T23:41:45.952391,KXNBAGAME-25DEC21MILMIN-MIL,"Milwaukee vs Minnesota Winner?",,19,27,17,active
2025-12-19T23:41:45.952391,KXNBAGAME-25DEC21CHIATL-CHI,"Chicago vs Atlanta Winner?",,30,39,148,active
2025-12-19T23:41:45.952391,KXNBAGAME-25DEC21CHIATL-ATL,"Chicago vs Atlanta Winner?",,61,70,262,active
2025-12-19T23:41:45.952391,KXNBAGAME-25DEC20INDNOP-NOP,"Indiana vs New Orleans Winner?",,56,59,1091,active
2025-12-19T23:41:45.952391,KXNBAGAME-25DEC20INDNOP-IND,"Indiana vs New Orleans Winner?",,41,48,2935,active
2025-12-19T23:41:45.952391,KXNBAGAME-25DEC20DALPHI-PHI,"Dallas vs Philadelphia Winner?",,52,55,2725,active
2025-12-19T23:41:45.952391,KXNBAGAME-25DEC20DALPHI-DAL,"Dallas vs Philadelphia Winner?",,44,50,3525,active
2025-12-19T23:41:45.952391,KXNBAGAME-25DEC19PHINYK-PHI,"Philadelphia vs New York Winner?",,31,32,720672,active
2025-12-19T23:41:45.952391,KXNBAGAME-25DEC19PHINYK-NYK,"Philadelphia vs New York Winner?",,68,69,599637,active
2025-12-19T23:42:49.970726,KXNBAGAME-25DEC21HOUSAC-SAC,"Houston vs Sacramento Winner?",,18,26,69,active
2025-12-19T23:42:49.970726,KXNBAGAME-25DEC21HOUSAC-HOU,"Houston vs Sacramento Winner?",,68,76,64,active
2025-12-19T23:42:49.970726,KXNBAGAME-25DEC21SASWAS-WAS,"San Antonio vs Washington Winner?",,13,15,328,active
2025-12-19T23:42:49.970726,KXNBAGAME-25DEC21SASWAS-SAS,"San Antonio vs Washington Winner?",,80,87,480,active
2025-12-19T23:42:49.970726,KXNBAGAME-25DEC21MILMIN-MIN,"Milwaukee vs Minnesota Winner?",,70,76,82,active
2025-12-19T23:42:49.970726,KXNBAGAME-25DEC21MILMIN-MIL,"Milwaukee vs Minnesota Winner?",,19,27,17,active
2025-12-19T23:42:49.970726,KXNBAGAME-25DEC20LALLAC-LAL,"Los Angeles L vs Los Angeles C Winner?",,66,72,11966,active
2025-12-19T23:42:49.970726,KXNBAGAME-25DEC20LALLAC-LAC,"Los Angeles L vs Los Angeles C Winner?",,28,33,3245,active
2025-12-19T23:42:49.970726,KXNBAGAME-25DEC20DALPHI-PHI,"Dallas vs Philadelphia Winner?",,52,55,2725,active
2025-12-19T23:42:49.970726,KXNBAGAME-25DEC20DALPHI-DAL,"Dallas vs Philadelphia Winner?",,44,50,3525,active
2025-12-19T23:42:49.970726,KXNBAGAME-25DEC19PHINYK-PHI,"Philadelphia vs New York Winner?",,31,32,722319,active
2025-12-19T23:42:49.970726,KXNBAGAME-25DEC19PHINYK-NYK,"Philadelphia vs New York Winner?",,68,69,601471,active
2025-12-19T23:43:53.943791,KXNBAGAME-25DEC21HOUSAC-SAC,"Houston vs Sacramento Winner?",,18,26,69,active
2025-12-19T23:43:53.943791,KXNBAGAME-25DEC21HOUSAC-HOU,"Houston vs Sacramento Winner?",,68,76,64,active
2025-12-19T23:43:53.943791,KXNBAGAME-25DEC21SASWAS-WAS,"San Antonio vs Washington Winner?",,13,15,328,active
2025-12-19T23:43:53.943791,KXNBAGAME-25DEC21SASWAS-SAS,"San Antonio vs Washington Winner?",,80,87,480,active
2025-12-19T23:43:53.943791,KXNBAGAME-25DEC21MILMIN-MIN,"Milwaukee vs Minnesota Winner?",,70,76,82,active
2025-12-19T23:43:53.943791,KXNBAGAME-25DEC21MILMIN-MIL,"Milwaukee vs Minnesota Winner?",,19,27,17,active
2025-12-19T23:43:53.943791,KXNBAGAME-25DEC20LALLAC-LAL,"Los Angeles L vs Los Angeles C Winner?",,66,72,11966,active
2025-12-19T23:43:53.943791,KXNBAGAME-25DEC20LALLAC-LAC,"Los Angeles L vs Los Angeles C Winner?",,28,32,3256,active
2025-12-19T23:43:53.943791,KXNBAGAME-25DEC20INDNOP-NOP,"Indiana vs New Orleans Winner?",,56,59,1091,active
2025-12-19T23:43:53.943791,KXNBAGAME-25DEC20INDNOP-IND,"Indiana vs New Orleans Winner?",,41,48,2935,active
2025-12-19T23:43:53.943791,KXNBAGAME-25DEC19PHINYK-PHI,"Philadelphia vs New York Winner?",,31,32,727440,active
2025-12-19T23:43:53.943791,KXNBAGAME-25DEC19PHINYK-NYK,"Philadelphia vs New York Winner?",,68,69,602766,active
2025-12-19T23:44:58.116189,KXNBAGAME-25DEC21HOUSAC-SAC,"Houston vs Sacramento Winner?",,18,26,69,active
2025-12-19T23:44:58.116189,KXNBAGAME-25DEC21HOUSAC-HOU,"Houston vs Sacramento Winner?",,69,76,64,active
2025-12-19T23:44:58.116189,KXNBAGAME-25DEC21SASWAS-WAS,"San Antonio vs Washington Winner?",,13,15,328,active
2025-12-19T23:44:58.116189,KXNBAGAME-25DEC21SASWAS-SAS,"San Antonio vs Washington Winner?",,80,87,480,active
2025-12-19T23:44:58.116189,KXNBAGAME-25DEC21MILMIN-MIN,"Milwaukee vs Minnesota Winner?",,70,76,82,active
2025-12-19T23:44:58.116189,KXNBAGAME-25DEC21MILMIN-MIL,"Milwaukee vs Minnesota Winner?",,19,27,17,active
2025-12-19T23:44:58.116189,KXNBAGAME-25DEC21MIANYK-NYK,"Miami vs New York Winner?",,64,70,358,active
2025-12-19T23:44:58.116189,KXNBAGAME-25DEC21MIANYK-MIA,"Miami vs New York Winner?",,24,32,26,active
2025-12-19T23:44:58.116189,KXNBAGAME-25DEC20ORLUTA-UTA,"Orlando vs Utah Winner?",,29,37,1826,active
2025-12-19T23:44:58.116189,KXNBAGAME-25DEC20ORLUTA-ORL,"Orlando vs Utah Winner?",,61,68,2190,active
2025-12-19T23:44:58.116189,KXNBAGAME-25DEC20BOSTOR-TOR,"Boston vs Toronto Winner?",,48,52,890,active
2025-12-19T23:44:58.116189,KXNBAGAME-25DEC20BOSTOR-BOS,"Boston vs Toronto Winner?",,51,54,2445,active
2025-12-19T23:44:58.116189,KXNBAGAME-25DEC19MIABOS-MIA,"Miami vs Boston Winner?",,28,29,818671,active
2025-12-19T23:44:58.116189,KXNBAGAME-25DEC19MIABOS-BOS,"Miami vs Boston Winner?",,71,72,193251,active
2025-12-19T23:46:02.088187,KXNBAGAME-25DEC21HOUSAC-SAC,"Houston vs Sacramento Winner?",,18,26,69,active
2025-12-19T23:46:02.088187,KXNBAGAME-25DEC21HOUSAC-HOU,"Houston vs Sacramento Winner?",,69,76,64,active
2025-12-19T23:46:02.088187,KXNBAGAME-25DEC21SASWAS-WAS,"San Antonio vs Washington Winner?",,13,15,328,active
2025-12-19T23:46:02.088187,KXNBAGAME-25DEC21SASWAS-SAS,"San Antonio vs Washington Winner?",,80,87,480,active
2025-12-19T23:46:02.088187,KXNBAGAME-25DEC21MILMIN-MIN,"Milwaukee vs Minnesota Winner?",,70,76,82,active
2025-12-19T23:46:02.088187,KXNBAGAME-25DEC21MILMIN-MIL,"Milwaukee vs Minnesota Winner?",,19,27,17,active
2025-12-19T23:46:02.088187,KXNBAGAME-25DEC21CHIATL-CHI,"Chicago vs Atlanta Winner?",,30,38,148,active
2025-12-19T23:46:02.088187,KXNBAGAME-25DEC21CHIATL-ATL,"Chicago vs Atlanta Winner?",,62,70,262,active
2025-12-19T23:46:02.088187,KXNBAGAME-25DEC20INDNOP-NOP,"Indiana vs New Orleans Winner?",,56,59,1091,active
2025-12-19T23:46:02.088187,KXNBAGAME-25DEC20INDNOP-IND,"Indiana vs New Orleans Winner?",,41,48,2935,active
2025-12-19T23:46:02.088187,KXNBAGAME-25DEC19CHICLE-CLE,"Chicago vs Cleveland Winner?",,60,61,104384,active
2025-12-19T23:46:02.088187,KXNBAGAME-25DEC19CHICLE-CHI,"Chicago vs Cleveland Winner?",,39,40,494341,active
2025-12-19T23:47:06.105437,KXNBAGAME-25DEC21HOUSAC-SAC,"Houston vs Sacramento Winner?",,17,26,69,active
2025-12-19T23:47:06.105437,KXNBAGAME-25DEC21HOUSAC-HOU,"Houston vs Sacramento Winner?",,69,76,64,active
2025-12-19T23:47:06.105437,KXNBAGAME-25DEC21SASWAS-WAS,"San Antonio vs Washington Winner?",,13,15,328,active
2025-12-19T23:47:06.105437,KXNBAGAME-25DEC21SASWAS-SAS,"San Antonio vs Washington Winner?",,80,87,480,active
2025-12-19T23:47:06.105437,KXNBAGAME-25DEC21MILMIN-MIN,"Milwaukee vs Minnesota Winner?",,70,76,82,active
2025-12-19T23:47:06.105437,KXNBAGAME-25DEC21MILMIN-MIL,"Milwaukee vs Minnesota Winner?",,19,27,17,active
2025-12-19T23:47:06.105437,KXNBAGAME-25DEC20LALLAC-LAL,"Los Angeles L vs Los Angeles C Winner?",,67,72,12066,active
2025-12-19T23:47:06.105437,KXNBAGAME-25DEC20LALLAC-LAC,"Los Angeles L vs Los Angeles C Winner?",,28,32,3256,active
2025-12-19T23:47:06.105437,KXNBAGAME-25DEC20INDNOP-NOP,"Indiana vs New Orleans Winner?",,56,59,1091,active
2025-12-19T23:47:06.105437,KXNBAGAME-25DEC20INDNOP-IND,"Indiana vs New Orleans Winner?",,41,48,2935,active
2025-12-19T23:47:06.105437,KXNBAGAME-25DEC19CHICLE-CLE,"Chicago vs Cleveland Winner?",,60,61,104533,active
2025-12-19T23:47:06.105437,KXNBAGAME-25DEC19CHICLE-CHI,"Chicago vs Cleveland Winner?",,39,40,494838,active
2025-12-19T23:48:14.169334,KXNBAGAME-25DEC21HOUSAC-SAC,"Houston vs Sacramento Winner?",,17,28,69,active
2025-12-19T23:48:14.169334,KXNBAGAME-25DEC21HOUSAC-HOU,"Houston vs Sacramento Winner?",,69,76,64,active
2025-12-19T23:48:14.169334,KXNBAGAME-25DEC21SASWAS-WAS,"San Antonio vs Washington Winner?",,13,15,328,active
2025-12-19T23:48:14.169334,KXNBAGAME-25DEC21SASWAS-SAS,"San Antonio vs Washington Winner?",,80,87,480,active
2025-12-19T23:48:14.169334,KXNBAGAME-25DEC21MILMIN-MIN,"Milwaukee vs Minnesota Winner?",,70,76,82,active
2025-12-19T23:48:14.169334,KXNBAGAME-25DEC21MILMIN-MIL,"Milwaukee vs Minnesota Winner?",,19,27,17,active
2025-12-19T23:48:14.169334,KXNBAGAME-25DEC21CHIATL-CHI,"Chicago vs Atlanta Winner?",,30,38,148,active
2025-12-19T23:48:14.169334,KXNBAGAME-25DEC21CHIATL-ATL,"Chicago vs Atlanta Winner?",,62,70,262,active
2025-12-19T23:48:14.169334,KXNBAGAME-25DEC20CHADET-DET,"Charlotte vs Detroit Winner?",,77,82,9346,active
2025-12-19T23:48:14.169334,KXNBAGAME-25DEC20CHADET-CHA,"Charlotte vs Detroit Winner?",,17,22,13871,active
2025-12-19T23:48:14.169334,KXNBAGAME-25DEC19CHICLE-CLE,"Chicago vs Cleveland Winner?",,60,61,104851,active
2025-12-19T23:48:14.169334,KXNBAGAME-25DEC19CHICLE-CHI,"Chicago vs Cleveland Winner?",,39,40,496157,active
2025-12-19T23:49:18.171012,KXNBAGAME-25DEC21HOUSAC-SAC,"Houston vs Sacramento Winner?",,17,28,69,active
2025-12-19T23:49:18.171012,KXNBAGAME-25DEC21HOUSAC-HOU,"Houston vs Sacramento Winner?",,69,76,64,active
2025-12-19T23:49:18.171012,KXNBAGAME-25DEC21SASWAS-WAS,"San Antonio vs Washington Winner?",,13,15,328,active
2025-12-19T23:49:18.171012,KXNBAGAME-25DEC21SASWAS-SAS,"San Antonio vs Washington Winner?",,80,87,480,active
2025-12-19T23:49:18.171012,KXNBAGAME-25DEC21MILMIN-MIN,"Milwaukee vs Minnesota Winner?",,70,76,82,active
2025-12-19T23:49:18.171012,KXNBAGAME-25DEC21MILMIN-MIL,"Milwaukee vs Minnesota Winner?",,19,27,17,active
2025-12-19T23:49:18.171012,KXNBAGAME-25DEC20LALLAC-LAL,"Los Angeles L vs Los Angeles C Winner?",,66,72,12134,active
2025-12-19T23:49:18.171012,KXNBAGAME-25DEC20LALLAC-LAC,"Los Angeles L vs Los Angeles C Winner?",,28,32,3256,active
2025-12-19T23:49:18.171012,KXNBAGAME-25DEC20INDNOP-NOP,"Indiana vs New Orleans Winner?",,56,59,1091,active
2025-12-19T23:49:18.171012,KXNBAGAME-25DEC20INDNOP-IND,"Indiana vs New Orleans Winner?",,41,48,2935,active
2025-12-19T23:49:18.171012,KXNBAGAME-25DEC19PHINYK-PHI,"Philadelphia vs New York Winner?",,31,32,754070,active
2025-12-19T23:49:18.171012,KXNBAGAME-25DEC19PHINYK-NYK,"Philadelphia vs New York Winner?",,68,69,610092,active
2025-12-19T23:50:22.134293,KXNBAGAME-25DEC21HOUSAC-SAC,"Houston vs Sacramento Winner?",,18,27,69,active
2025-12-19T23:50:22.134293,KXNBAGAME-25DEC21HOUSAC-HOU,"Houston vs Sacramento Winner?",,69,76,65,active
2025-12-19T23:50:22.134293,KXNBAGAME-25DEC21SASWAS-WAS,"San Antonio vs Washington Winner?",,13,15,328,active
2025-12-19T23:50:22.134293,KXNBAGAME-25DEC21SASWAS-SAS,"San Antonio vs Washington Winner?",,80,87,480,active
2025-12-19T23:50:22.134293,KXNBAGAME-25DEC21MILMIN-MIN,"Milwaukee vs Minnesota Winner?",,70,76,82,active
2025-12-19T23:50:22.134293,KXNBAGAME-25DEC21MILMIN-MIL,"Milwaukee vs Minnesota Winner?",,19,27,17,active
2025-12-19T23:50:22.134293,KXNBAGAME-25DEC21CHIATL-CHI,"Chicago vs Atlanta Winner?",,30,38,148,active
2025-12-19T23:50:22.134293,KXNBAGAME-25DEC21CHIATL-ATL,"Chicago vs Atlanta Winner?",,62,70,262,active
2025-12-19T23:50:22.134293,KXNBAGAME-25DEC20INDNOP-NOP,"Indiana vs New Orleans Winner?",,56,59,1091,active
2025-12-19T23:50:22.134293,KXNBAGAME-25DEC20INDNOP-IND,"Indiana vs New Orleans Winner?",,41,48,2936,active
2025-12-19T23:50:22.134293,KXNBAGAME-25DEC19PHINYK-PHI,"Philadelphia vs New York Winner?",,32,33,755402,active
2025-12-19T23:50:22.134293,KXNBAGAME-25DEC19PHINYK-NYK,"Philadelphia vs New York Winner?",,67,69,610870,active
2025-12-19T23:51:26.266668,KXNBAGAME-25DEC21HOUSAC-SAC,"Houston vs Sacramento Winner?",,18,26,69,active
2025-12-19T23:51:26.266668,KXNBAGAME-25DEC21HOUSAC-HOU,"Houston vs Sacramento Winner?",,69,76,65,active
2025-12-19T23:51:26.266668,KXNBAGAME-25DEC21SASWAS-WAS,"San Antonio vs Washington Winner?",,13,15,328,active
2025-12-19T23:51:26.266668,KXNBAGAME-25DEC21SASWAS-SAS,"San Antonio vs Washington Winner?",,80,87,480,active
2025-12-19T23:51:26.266668,KXNBAGAME-25DEC21MILMIN-MIN,"Milwaukee vs Minnesota Winner?",,70,76,82,active
2025-12-19T23:51:26.266668,KXNBAGAME-25DEC21MILMIN-MIL,"Milwaukee vs Minnesota Winner?",,19,27,17,active
2025-12-19T23:51:26.266668,KXNBAGAME-25DEC20LALLAC-LAL,"Los Angeles L vs Los Angeles C Winner?",,66,70,12135,active
2025-12-19T23:51:26.266668,KXNBAGAME-25DEC20LALLAC-LAC,"Los Angeles L vs Los Angeles C Winner?",,29,34,3256,active
2025-12-19T23:51:26.266668,KXNBAGAME-25DEC20INDNOP-NOP,"Indiana vs New Orleans Winner?",,56,59,1091,active
2025-12-19T23:51:26.266668,KXNBAGAME-25DEC20INDNOP-IND,"Indiana vs New Orleans Winner?",,41,48,2936,active
2025-12-19T23:51:26.266668,KXNBAGAME-25DEC19PHINYK-PHI,"Philadelphia vs New York Winner?",,31,33,760189,active
2025-12-19T23:51:26.266668,KXNBAGAME-25DEC19PHINYK-NYK,"Philadelphia vs New York Winner?",,67,69,612073,active
2025-12-19T23:52:30.409131,KXNBAGAME-25DEC21HOUSAC-SAC,"Houston vs Sacramento Winner?",,18,26,69,active
2025-12-19T23:52:30.409131,KXNBAGAME-25DEC21HOUSAC-HOU,"Houston vs Sacramento Winner?",,69,76,65,active
2025-12-19T23:52:30.409131,KXNBAGAME-25DEC21SASWAS-WAS,"San Antonio vs Washington Winner?",,13,15,328,active
2025-12-19T23:52:30.409131,KXNBAGAME-25DEC21SASWAS-SAS,"San Antonio vs Washington Winner?",,80,87,480,active
2025-12-19T23:52:30.409131,KXNBAGAME-25DEC21MILMIN-MIN,"Milwaukee vs Minnesota Winner?",,70,76,82,active
2025-12-19T23:52:30.409131,KXNBAGAME-25DEC21MILMIN-MIL,"Milwaukee vs Minnesota Winner?",,19,27,17,active
2025-12-19T23:52:30.409131,KXNBAGAME-25DEC21MIANYK-NYK,"Miami vs New York Winner?",,70,71,610,active
2025-12-19T23:52:30.409131,KXNBAGAME-25DEC21MIANYK-MIA,"Miami vs New York Winner?",,24,31,26,active
2025-12-19T23:52:30.409131,KXNBAGAME-25DEC20CHADET-DET,"Charlotte vs Detroit Winner?",,77,81,9463,active
2025-12-19T23:52:30.409131,KXNBAGAME-25DEC20CHADET-CHA,"Charlotte vs Detroit Winner?",,17,22,13914,active
2025-12-19T23:52:30.409131,KXNBAGAME-25DEC19CHICLE-CLE,"Chicago vs Cleveland Winner?",,60,62,105695,active
2025-12-19T23:52:30.409131,KXNBAGAME-25DEC19CHICLE-CHI,"Chicago vs Cleveland Winner?",,39,40,497416,active
2025-12-19T23:53:34.352240,KXNBAGAME-25DEC21HOUSAC-SAC,"Houston vs Sacramento Winner?",,18,26,69,active
2025-12-19T23:53:34.352240,KXNBAGAME-25DEC21HOUSAC-HOU,"Houston vs Sacramento Winner?",,69,76,65,active
2025-12-19T23:53:34.352240,KXNBAGAME-25DEC21SASWAS-WAS,"San Antonio vs Washington Winner?",,13,15,390,active
2025-12-19T23:53:34.352240,KXNBAGAME-25DEC21SASWAS-SAS,"San Antonio vs Washington Winner?",,80,87,480,active
2025-12-19T23:53:34.352240,KXNBAGAME-25DEC21MILMIN-MIN,"Milwaukee vs Minnesota Winner?",,70,76,82,active
2025-12-19T23:53:34.352240,KXNBAGAME-25DEC21MILMIN-MIL,"Milwaukee vs Minnesota Winner?",,19,27,17,active
2025-12-19T23:53:34.352240,KXNBAGAME-25DEC20LALLAC-LAL,"Los Angeles L vs Los Angeles C Winner?",,66,70,12135,active
2025-12-19T23:53:34.352240,KXNBAGAME-25DEC20LALLAC-LAC,"Los Angeles L vs Los Angeles C Winner?",,29,35,3256,active
2025-12-19T23:53:34.352240,KXNBAGAME-25DEC20DALPHI-PHI,"Dallas vs Philadelphia Winner?",,52,54,2725,active
2025-12-19T23:53:34.352240,KXNBAGAME-25DEC20DALPHI-DAL,"Dallas vs Philadelphia Winner?",,45,50,3525,active
2025-12-19T23:53:34.352240,KXNBAGAME-25DEC19PHINYK-PHI,"Philadelphia vs New York Winner?",,31,33,762242,active
2025-12-19T23:53:34.352240,KXNBAGAME-25DEC19PHINYK-NYK,"Philadelphia vs New York Winner?",,67,69,619496,active
2025-12-19T23:54:38.349975,KXNBAGAME-25DEC21HOUSAC-SAC,"Houston vs Sacramento Winner?",,18,26,69,active
2025-12-19T23:54:38.349975,KXNBAGAME-25DEC21HOUSAC-HOU,"Houston vs Sacramento Winner?",,69,76,65,active
2025-12-19T23:54:38.349975,KXNBAGAME-25DEC21SASWAS-WAS,"San Antonio vs Washington Winner?",,13,15,390,active
2025-12-19T23:54:38.349975,KXNBAGAME-25DEC21SASWAS-SAS,"San Antonio vs Washington Winner?",,80,87,480,active
2025-12-19T23:54:38.349975,KXNBAGAME-25DEC21MILMIN-MIN,"Milwaukee vs Minnesota Winner?",,70,76,82,active
2025-12-19T23:54:38.349975,KXNBAGAME-25DEC21MILMIN-MIL,"Milwaukee vs Minnesota Winner?",,19,27,17,active
2025-12-19T23:54:38.349975,KXNBAGAME-25DEC20LALLAC-LAL,"Los Angeles L vs Los Angeles C Winner?",,66,69,12235,active
2025-12-19T23:54:38.349975,KXNBAGAME-25DEC20LALLAC-LAC,"Los Angeles L vs Los Angeles C Winner?",,29,35,3256,active
2025-12-19T23:54:38.349975,KXNBAGAME-25DEC20INDNOP-NOP,"Indiana vs New Orleans Winner?",,56,59,1091,active
2025-12-19T23:54:38.349975,KXNBAGAME-25DEC20INDNOP-IND,"Indiana vs New Orleans Winner?",,41,48,2936,active
2025-12-19T23:54:38.349975,KXNBAGAME-25DEC19PHINYK-PHI,"Philadelphia vs New York Winner?",,31,33,764349,active
2025-12-19T23:54:38.349975,KXNBAGAME-25DEC19PHINYK-NYK,"Philadelphia vs New York Winner?",,67,69,619954,active
2025-12-19T23:55:42.345774,KXNBAGAME-25DEC21HOUSAC-SAC,"Houston vs Sacramento Winner?",,17,26,69,active
2025-12-19T23:55:42.345774,KXNBAGAME-25DEC21HOUSAC-HOU,"Houston vs Sacramento Winner?",,69,76,65,active
2025-12-19T23:55:42.345774,KXNBAGAME-25DEC21SASWAS-WAS,"San Antonio vs Washington Winner?",,13,15,390,active
2025-12-19T23:55:42.345774,KXNBAGAME-25DEC21SASWAS-SAS,"San Antonio vs Washington Winner?",,80,87,480,active
2025-12-19T23:55:42.345774,KXNBAGAME-25DEC21MILMIN-MIN,"Milwaukee vs Minnesota Winner?",,70,76,82,active
2025-12-19T23:55:42.345774,KXNBAGAME-25DEC21MILMIN-MIL,"Milwaukee vs Minnesota Winner?",,19,27,17,active
2025-12-19T23:55:42.345774,KXNBAGAME-25DEC20LALLAC-LAL,"Los Angeles L vs Los Angeles C Winner?",,66,69,12242,active
2025-12-19T23:55:42.345774,KXNBAGAME-25DEC20LALLAC-LAC,"Los Angeles L vs Los Angeles C Winner?",,29,35,3256,active
2025-12-19T23:55:42.345774,KXNBAGAME-25DEC20INDNOP-NOP,"Indiana vs New Orleans Winner?",,56,59,1091,active
2025-12-19T23:55:42.345774,KXNBAGAME-25DEC20INDNOP-IND,"Indiana vs New Orleans Winner?",,41,48,2936,active
2025-12-19T23:55:42.345774,KXNBAGAME-25DEC19PHINYK-PHI,"Philadelphia vs New York Winner?",,31,33,767386,active
2025-12-19T23:55:42.345774,KXNBAGAME-25DEC19PHINYK-NYK,"Philadelphia vs New York Winner?",,67,69,626604,active
2025-12-19T23:56:46.312561,KXNBAGAME-25DEC21HOUSAC-SAC,"Houston vs Sacramento Winner?",,17,28,69,active
2025-12-19T23:56:46.312561,KXNBAGAME-25DEC21HOUSAC-HOU,"Houston vs Sacramento Winner?",,69,76,65,active
2025-12-19T23:56:46.312561,KXNBAGAME-25DEC21SASWAS-WAS,"San Antonio vs Washington Winner?",,13,15,390,active
2025-12-19T23:56:46.312561,KXNBAGAME-25DEC21SASWAS-SAS,"San Antonio vs Washington Winner?",,80,87,480,active
2025-12-19T23:56:46.312561,KXNBAGAME-25DEC21MILMIN-MIN,"Milwaukee vs Minnesota Winner?",,70,76,82,active
2025-12-19T23:56:46.312561,KXNBAGAME-25DEC21MILMIN-MIL,"Milwaukee vs Minnesota Winner?",,19,27,17,active
2025-12-19T23:56:46.312561,KXNBAGAME-25DEC20LALLAC-LAL,"Los Angeles L vs Los Angeles C Winner?",,66,69,12242,active
2025-12-19T23:56:46.312561,KXNBAGAME-25DEC20LALLAC-LAC,"Los Angeles L vs Los Angeles C Winner?",,29,35,3256,active
2025-12-19T23:56:46.312561,KXNBAGAME-25DEC20CHADET-DET,"Charlotte vs Detroit Winner?",,77,81,9463,active
2025-12-19T23:56:46.312561,KXNBAGAME-25DEC20CHADET-CHA,"Charlotte vs Detroit Winner?",,18,22,13931,active
2025-12-19T23:56:46.312561,KXNBAGAME-25DEC19CHICLE-CLE,"Chicago vs Cleveland Winner?",,60,62,106470,active
2025-12-19T23:56:46.312561,KXNBAGAME-25DEC19CHICLE-CHI,"Chicago vs Cleveland Winner?",,39,40,502304,active
2025-12-19T23:57:50.446822,KXNBAGAME-25DEC21HOUSAC-SAC,"Houston vs Sacramento Winner?",,17,28,69,active
2025-12-19T23:57:50.446822,KXNBAGAME-25DEC21HOUSAC-HOU,"Houston vs Sacramento Winner?",,69,76,65,active
2025-12-19T23:57:50.446822,KXNBAGAME-25DEC21SASWAS-WAS,"San Antonio vs Washington Winner?",,13,15,390,active
2025-12-19T23:57:50.446822,KXNBAGAME-25DEC21SASWAS-SAS,"San Antonio vs Washington Winner?",,80,87,480,active
2025-12-19T23:57:50.446822,KXNBAGAME-25DEC21MILMIN-MIN,"Milwaukee vs Minnesota Winner?",,70,76,82,active
2025-12-19T23:57:50.446822,KXNBAGAME-25DEC21MILMIN-MIL,"Milwaukee vs Minnesota Winner?",,19,27,17,active
2025-12-19T23:57:50.446822,KXNBAGAME-25DEC20LALLAC-LAL,"Los Angeles L vs Los Angeles C Winner?",,66,69,12275,active
2025-12-19T23:57:50.446822,KXNBAGAME-25DEC20LALLAC-LAC,"Los Angeles L vs Los Angeles C Winner?",,29,35,3256,active
2025-12-19T23:57:50.446822,KXNBAGAME-25DEC20INDNOP-NOP,"Indiana vs New Orleans Winner?",,56,59,1091,active
2025-12-19T23:57:50.446822,KXNBAGAME-25DEC20INDNOP-IND,"Indiana vs New Orleans Winner?",,41,48,2936,active
2025-12-19T23:57:50.446822,KXNBAGAME-25DEC19PHINYK-PHI,"Philadelphia vs New York Winner?",,31,32,780290,active
2025-12-19T23:57:50.446822,KXNBAGAME-25DEC19PHINYK-NYK,"Philadelphia vs New York Winner?",,68,69,633076,active
2025-12-19T23:58:54.814748,KXNBAGAME-25DEC21HOUSAC-SAC,"Houston vs Sacramento Winner?",,18,27,69,active
2025-12-19T23:58:54.814748,KXNBAGAME-25DEC21HOUSAC-HOU,"Houston vs Sacramento Winner?",,69,76,65,active
2025-12-19T23:58:54.814748,KXNBAGAME-25DEC21SASWAS-WAS,"San Antonio vs Washington Winner?",,13,15,390,active
2025-12-19T23:58:54.814748,KXNBAGAME-25DEC21SASWAS-SAS,"San Antonio vs Washington Winner?",,80,87,480,active
2025-12-19T23:58:54.814748,KXNBAGAME-25DEC21MILMIN-MIN,"Milwaukee vs Minnesota Winner?",,70,76,82,active
2025-12-19T23:58:54.814748,KXNBAGAME-25DEC21MILMIN-MIL,"Milwaukee vs Minnesota Winner?",,19,27,17,active
2025-12-19T23:58:54.814748,KXNBAGAME-25DEC20LALLAC-LAL,"Los Angeles L vs Los Angeles C Winner?",,66,69,12275,active
2025-12-19T23:58:54.814748,KXNBAGAME-25DEC20LALLAC-LAC,"Los Angeles L vs Los Angeles C Winner?",,29,35,3256,active
2025-12-19T23:58:54.814748,KXNBAGAME-25DEC20INDNOP-NOP,"Indiana vs New Orleans Winner?",,56,59,1091,active
2025-12-19T23:58:54.814748,KXNBAGAME-25DEC20INDNOP-IND,"Indiana vs New Orleans Winner?",,41,48,2936,active
2025-12-19T23:58:54.814748,KXNBAGAME-25DEC19PHINYK-PHI,"Philadelphia vs New York Winner?",,31,32,786561,active
2025-12-19T23:58:54.814748,KXNBAGAME-25DEC19PHINYK-NYK,"Philadelphia vs New York Winner?",,68,69,635179,active
2025-12-19T23:59:58.865545,KXNBAGAME-25DEC21HOUSAC-SAC,"Houston vs Sacramento Winner?",,18,26,69,active
2025-12-19T23:59:58.865545,KXNBAGAME-25DEC21HOUSAC-HOU,"Houston vs Sacramento Winner?",,69,76,65,active
2025-12-19T23:59:58.865545,KXNBAGAME-25DEC21SASWAS-WAS,"San Antonio vs Washington Winner?",,13,15,390,active
2025-12-19T23:59:58.865545,KXNBAGAME-25DEC21SASWAS-SAS,"San Antonio vs Washington Winner?",,80,87,480,active
2025-12-19T23:59:58.865545,KXNBAGAME-25DEC21MILMIN-MIN,"Milwaukee vs Minnesota Winner?",,70,76,82,active
2025-12-19T23:59:58.865545,KXNBAGAME-25DEC21MILMIN-MIL,"Milwaukee vs Minnesota Winner?",,19,27,17,active
2025-12-19T23:59:58.865545,KXNBAGAME-25DEC20LALLAC-LAL,"Los Angeles L vs Los Angeles C Winner?",,66,69,12275,active
2025-12-19T23:59:58.865545,KXNBAGAME-25DEC20LALLAC-LAC,"Los Angeles L vs Los Angeles C Winner?",,29,35,3256,active
2025-12-19T23:59:58.865545,KXNBAGAME-25DEC20CHADET-DET,"Charlotte vs Detroit Winner?",,77,81,9563,active
2025-12-19T23:59:58.865545,KXNBAGAME-25DEC20CHADET-CHA,"Charlotte vs Detroit Winner?",,18,22,14764,active
2025-12-19T23:59:58.865545,KXNBAGAME-25DEC19SASATL-SAS,"San Antonio vs Atlanta Winner?",,61,62,517037,active
2025-12-19T23:59:58.865545,KXNBAGAME-25DEC19SASATL-ATL,"San Antonio vs Atlanta Winner?",,39,40,93089,active
2025-12-20T00:01:02.887248,KXNBAGAME-25DEC21HOUSAC-SAC,"Houston vs Sacramento Winner?",,18,26,69,active
2025-12-20T00:01:02.887248,KXNBAGAME-25DEC21HOUSAC-HOU,"Houston vs Sacramento Winner?",,69,76,65,active
2025-12-20T00:01:02.887248,KXNBAGAME-25DEC21SASWAS-WAS,"San Antonio vs Washington Winner?",,13,15,390,active
2025-12-20T00:01:02.887248,KXNBAGAME-25DEC21SASWAS-SAS,"San Antonio vs Washington Winner?",,80,87,480,active
2025-12-20T00:01:02.887248,KXNBAGAME-25DEC21MILMIN-MIN,"Milwaukee vs Minnesota Winner?",,70,76,82,active
2025-12-20T00:01:02.887248,KXNBAGAME-25DEC21MILMIN-MIL,"Milwaukee vs Minnesota Winner?",,19,27,17,active
2025-12-20T00:01:02.887248,KXNBAGAME-25DEC20LALLAC-LAL,"Los Angeles L vs Los Angeles C Winner?",,66,69,12275,active
2025-12-20T00:01:02.887248,KXNBAGAME-25DEC20LALLAC-LAC,"Los Angeles L vs Los Angeles C Winner?",,29,35,3256,active
2025-12-20T00:01:02.887248,KXNBAGAME-25DEC20DALPHI-PHI,"Dallas vs Philadelphia Winner?",,52,55,2875,active
2025-12-20T00:01:02.887248,KXNBAGAME-25DEC20DALPHI-DAL,"Dallas vs Philadelphia Winner?",,45,50,3534,active
2025-12-20T00:01:02.887248,KXNBAGAME-25DEC19PHINYK-PHI,"Philadelphia vs New York Winner?",,30,32,800850,active
2025-12-20T00:01:02.887248,KXNBAGAME-25DEC19PHINYK-NYK,"Philadelphia vs New York Winner?",,69,70,638403,active
2025-12-20T00:02:10.981642,KXNBAGAME-25DEC21HOUSAC-SAC,"Houston vs Sacramento Winner?",,18,26,69,active
2025-12-20T00:02:10.981642,KXNBAGAME-25DEC21HOUSAC-HOU,"Houston vs Sacramento Winner?",,69,76,65,active
2025-12-20T00:02:10.981642,KXNBAGAME-25DEC21SASWAS-WAS,"San Antonio vs Washington Winner?",,13,15,390,active
2025-12-20T00:02:10.981642,KXNBAGAME-25DEC21SASWAS-SAS,"San Antonio vs Washington Winner?",,80,87,480,active
2025-12-20T00:02:10.981642,KXNBAGAME-25DEC21MILMIN-MIN,"Milwaukee vs Minnesota Winner?",,70,76,92,active
2025-12-20T00:02:10.981642,KXNBAGAME-25DEC21MILMIN-MIL,"Milwaukee vs Minnesota Winner?",,19,27,17,active
2025-12-20T00:02:10.981642,KXNBAGAME-25DEC20LALLAC-LAL,"Los Angeles L vs Los Angeles C Winner?",,66,69,12285,active
2025-12-20T00:02:10.981642,KXNBAGAME-25DEC20LALLAC-LAC,"Los Angeles L vs Los Angeles C Winner?",,29,35,3256,active
2025-12-20T00:02:10.981642,KXNBAGAME-25DEC20DALPHI-PHI,"Dallas vs Philadelphia Winner?",,52,55,2875,active
2025-12-20T00:02:10.981642,KXNBAGAME-25DEC20DALPHI-DAL,"Dallas vs Philadelphia Winner?",,45,50,3534,active
2025-12-20T00:02:10.981642,KXNBAGAME-25DEC19PHINYK-PHI,"Philadelphia vs New York Winner?",,30,32,801911,active
2025-12-20T00:02:10.981642,KXNBAGAME-25DEC19PHINYK-NYK,"Philadelphia vs New York Winner?",,69,70,639315,active
2025-12-20T00:03:14.906164,KXNBAGAME-25DEC21HOUSAC-SAC,"Houston vs Sacramento Winner?",,17,26,69,active
2025-12-20T00:03:14.906164,KXNBAGAME-25DEC21HOUSAC-HOU,"Houston vs Sacramento Winner?",,69,76,75,active
2025-12-20T00:03:14.906164,KXNBAGAME-25DEC21SASWAS-WAS,"San Antonio vs Washington Winner?",,13,15,390,active
2025-12-20T00:03:14.906164,KXNBAGAME-25DEC21SASWAS-SAS,"San Antonio vs Washington Winner?",,80,87,490,active
2025-12-20T00:03:14.906164,KXNBAGAME-25DEC21MILMIN-MIN,"Milwaukee vs Minnesota Winner?",,70,76,92,active
2025-12-20T00:03:14.906164,KXNBAGAME-25DEC21MILMIN-MIL,"Milwaukee vs Minnesota Winner?",,19,27,17,active
2025-12-20T00:03:14.906164,KXNBAGAME-25DEC20LALLAC-LAL,"Los Angeles L vs Los Angeles C Winner?",,66,69,12285,active
2025-12-20T00:03:14.906164,KXNBAGAME-25DEC20LALLAC-LAC,"Los Angeles L vs Los Angeles C Winner?",,29,35,3256,active
2025-12-20T00:03:14.906164,KXNBAGAME-25DEC20DALPHI-PHI,"Dallas vs Philadelphia Winner?",,52,55,2875,active
2025-12-20T00:03:14.906164,KXNBAGAME-25DEC20DALPHI-DAL,"Dallas vs Philadelphia Winner?",,45,50,3534,active
2025-12-20T00:03:14.906164,KXNBAGAME-25DEC19PHINYK-PHI,"Philadelphia vs New York Winner?",,31,32,832338,active
2025-12-20T00:03:14.906164,KXNBAGAME-25DEC19PHINYK-NYK,"Philadelphia vs New York Winner?",,69,70,644884,active
2025-12-20T00:04:19.050113,KXNBAGAME-25DEC21HOUSAC-SAC,"Houston vs Sacramento Winner?",,17,26,69,active
2025-12-20T00:04:19.050113,KXNBAGAME-25DEC21HOUSAC-HOU,"Houston vs Sacramento Winner?",,69,76,76,active
2025-12-20T00:04:19.050113,KXNBAGAME-25DEC21SASWAS-WAS,"San Antonio vs Washington Winner?",,13,15,390,active
2025-12-20T00:04:19.050113,KXNBAGAME-25DEC21SASWAS-SAS,"San Antonio vs Washington Winner?",,80,87,490,active
2025-12-20T00:04:19.050113,KXNBAGAME-25DEC21MILMIN-MIN,"Milwaukee vs Minnesota Winner?",,70,76,92,active
2025-12-20T00:04:19.050113,KXNBAGAME-25DEC21MILMIN-MIL,"Milwaukee vs Minnesota Winner?",,19,27,17,active
2025-12-20T00:04:19.050113,KXNBAGAME-25DEC21CHIATL-CHI,"Chicago vs Atlanta Winner?",,30,38,148,active
2025-12-20T00:04:19.050113,KXNBAGAME-25DEC21CHIATL-ATL,"Chicago vs Atlanta Winner?",,62,70,273,active
2025-12-20T00:04:19.050113,KXNBAGAME-25DEC20CHADET-DET,"Charlotte vs Detroit Winner?",,77,81,9573,active
2025-12-20T00:04:19.050113,KXNBAGAME-25DEC20CHADET-CHA,"Charlotte vs Detroit Winner?",,20,22,14864,active
2025-12-20T00:04:19.050113,KXNBAGAME-25DEC19CHICLE-CLE,"Chicago vs Cleveland Winner?",,60,62,109259,active
2025-12-20T00:04:19.050113,KXNBAGAME-25DEC19CHICLE-CHI,"Chicago vs Cleveland Winner?",,39,40,510158,active
2025-12-20T00:05:27.051853,KXNBAGAME-25DEC21HOUSAC-SAC,"Houston vs Sacramento Winner?",,17,28,69,active
2025-12-20T00:05:27.051853,KXNBAGAME-25DEC21HOUSAC-HOU,"Houston vs Sacramento Winner?",,69,79,76,active
2025-12-20T00:05:27.051853,KXNBAGAME-25DEC21SASWAS-WAS,"San Antonio vs Washington Winner?",,13,15,390,active
2025-12-20T00:05:27.051853,KXNBAGAME-25DEC21SASWAS-SAS,"San Antonio vs Washington Winner?",,80,87,490,active
2025-12-20T00:05:27.051853,KXNBAGAME-25DEC21MILMIN-MIN,"Milwaukee vs Minnesota Winner?",,70,76,92,active
2025-12-20T00:05:27.051853,KXNBAGAME-25DEC21MILMIN-MIL,"Milwaukee vs Minnesota Winner?",,19,27,17,active
2025-12-20T00:05:27.051853,KXNBAGAME-25DEC21CHIATL-CHI,"Chicago vs Atlanta Winner?",,30,38,148,active
2025-12-20T00:05:27.051853,KXNBAGAME-25DEC21CHIATL-ATL,"Chicago vs Atlanta Winner?",,62,70,273,active
2025-12-20T00:05:27.051853,KXNBAGAME-25DEC20CHADET-DET,"Charlotte vs Detroit Winner?",,77,81,9573,active
2025-12-20T00:05:27.051853,KXNBAGAME-25DEC20CHADET-CHA,"Charlotte vs Detroit Winner?",,20,22,14864,active
2025-12-20T00:05:27.051853,KXNBAGAME-25DEC19SASATL-SAS,"San Antonio vs Atlanta Winner?",,61,62,527066,active
2025-12-20T00:05:27.051853,KXNBAGAME-25DEC19SASATL-ATL,"San Antonio vs Atlanta Winner?",,39,40,93747,active
2025-12-20T00:06:31.030984,KXNBAGAME-25DEC21HOUSAC-SAC,"Houston vs Sacramento Winner?",,17,28,69,active
2025-12-20T00:06:31.030984,KXNBAGAME-25DEC21HOUSAC-HOU,"Houston vs Sacramento Winner?",,69,79,76,active
2025-12-20T00:06:31.030984,KXNBAGAME-25DEC21SASWAS-WAS,"San Antonio vs Washington Winner?",,13,15,390,active
2025-12-20T00:06:31.030984,KXNBAGAME-25DEC21SASWAS-SAS,"San Antonio vs Washington Winner?",,80,87,490,active
2025-12-20T00:06:31.030984,KXNBAGAME-25DEC21MILMIN-MIN,"Milwaukee vs Minnesota Winner?",,70,76,92,active
2025-12-20T00:06:31.030984,KXNBAGAME-25DEC21MILMIN-MIL,"Milwaukee vs Minnesota Winner?",,19,27,17,active
2025-12-20T00:06:31.030984,KXNBAGAME-25DEC20LALLAC-LAL,"Los Angeles L vs Los Angeles C Winner?",,66,69,12285,active
2025-12-20T00:06:31.030984,KXNBAGAME-25DEC20LALLAC-LAC,"Los Angeles L vs Los Angeles C Winner?",,31,35,3256,active
2025-12-20T00:06:31.030984,KXNBAGAME-25DEC20INDNOP-NOP,"Indiana vs New Orleans Winner?",,56,59,1091,active
2025-12-20T00:06:31.030984,KXNBAGAME-25DEC20INDNOP-IND,"Indiana vs New Orleans Winner?",,41,47,2936,active
2025-12-20T00:06:31.030984,KXNBAGAME-25DEC19CHICLE-CLE,"Chicago vs Cleveland Winner?",,61,62,110299,active
2025-12-20T00:06:31.030984,KXNBAGAME-25DEC19CHICLE-CHI,"Chicago vs Cleveland Winner?",,39,40,513659,active
2025-12-20T00:07:35.316344,KXNBAGAME-25DEC21HOUSAC-SAC,"Houston vs Sacramento Winner?",,17,28,69,active
2025-12-20T00:07:35.316344,KXNBAGAME-25DEC21HOUSAC-HOU,"Houston vs Sacramento Winner?",,69,79,76,active
2025-12-20T00:07:35.316344,KXNBAGAME-25DEC21SASWAS-WAS,"San Antonio vs Washington Winner?",,13,15,390,active
2025-12-20T00:07:35.316344,KXNBAGAME-25DEC21SASWAS-SAS,"San Antonio vs Washington Winner?",,80,87,490,active
2025-12-20T00:07:35.316344,KXNBAGAME-25DEC21MILMIN-MIN,"Milwaukee vs Minnesota Winner?",,70,76,92,active
2025-12-20T00:07:35.316344,KXNBAGAME-25DEC21MILMIN-MIL,"Milwaukee vs Minnesota Winner?",,19,27,17,active
2025-12-20T00:07:35.316344,KXNBAGAME-25DEC21CHIATL-CHI,"Chicago vs Atlanta Winner?",,30,38,148,active
2025-12-20T00:07:35.316344,KXNBAGAME-25DEC21CHIATL-ATL,"Chicago vs Atlanta Winner?",,62,70,273,active
2025-12-20T00:07:35.316344,KXNBAGAME-25DEC20CHADET-DET,"Charlotte vs Detroit Winner?",,77,81,9573,active
2025-12-20T00:07:35.316344,KXNBAGAME-25DEC20CHADET-CHA,"Charlotte vs Detroit Winner?",,20,22,14864,active
2025-12-20T00:07:35.316344,KXNBAGAME-25DEC19OKCMIN-OKC,"Oklahoma City vs Minnesota Winner?",,72,73,374155,active
2025-12-20T00:07:35.316344,KXNBAGAME-25DEC19OKCMIN-MIN,"Oklahoma City vs Minnesota Winner?",,28,29,164636,active
2025-12-20T00:08:39.283762,KXNBAGAME-25DEC21HOUSAC-SAC,"Houston vs Sacramento Winner?",,17,28,69,active
2025-12-20T00:08:39.283762,KXNBAGAME-25DEC21HOUSAC-HOU,"Houston vs Sacramento Winner?",,69,79,76,active
2025-12-20T00:08:39.283762,KXNBAGAME-25DEC21SASWAS-WAS,"San Antonio vs Washington Winner?",,13,15,390,active
2025-12-20T00:08:39.283762,KXNBAGAME-25DEC21SASWAS-SAS,"San Antonio vs Washington Winner?",,80,87,490,active
2025-12-20T00:08:39.283762,KXNBAGAME-25DEC21MILMIN-MIN,"Milwaukee vs Minnesota Winner?",,70,76,92,active
2025-12-20T00:08:39.283762,KXNBAGAME-25DEC21MILMIN-MIL,"Milwaukee vs Minnesota Winner?",,19,27,17,active
2025-12-20T00:08:39.283762,KXNBAGAME-25DEC20LALLAC-LAL,"Los Angeles L vs Los Angeles C Winner?",,66,69,12285,active
2025-12-20T00:08:39.283762,KXNBAGAME-25DEC20LALLAC-LAC,"Los Angeles L vs Los Angeles C Winner?",,31,35,3256,active
2025-12-20T00:08:39.283762,KXNBAGAME-25DEC20DALPHI-PHI,"Dallas vs Philadelphia Winner?",,52,56,2885,active
2025-12-20T00:08:39.283762,KXNBAGAME-25DEC20DALPHI-DAL,"Dallas vs Philadelphia Winner?",,45,50,3534,active
2025-12-20T00:08:39.283762,KXNBAGAME-25DEC19PHINYK-PHI,"Philadelphia vs New York Winner?",,30,32,911234,active
2025-12-20T00:08:39.283762,KXNBAGAME-25DEC19PHINYK-NYK,"Philadelphia vs New York Winner?",,69,70,665003,active
2025-12-20T00:09:43.305007,KXNBAGAME-25DEC21HOUSAC-SAC,"Houston vs Sacramento Winner?",,17,28,69,active
2025-12-20T00:09:43.305007,KXNBAGAME-25DEC21HOUSAC-HOU,"Houston vs Sacramento Winner?",,69,78,76,active
2025-12-20T00:09:43.305007,KXNBAGAME-25DEC21SASWAS-WAS,"San Antonio vs Washington Winner?",,13,15,390,active
2025-12-20T00:09:43.305007,KXNBAGAME-25DEC21SASWAS-SAS,"San Antonio vs Washington Winner?",,80,87,490,active
2025-12-20T00:09:43.305007,KXNBAGAME-25DEC21MILMIN-MIN,"Milwaukee vs Minnesota Winner?",,70,76,92,active
2025-12-20T00:09:43.305007,KXNBAGAME-25DEC21MILMIN-MIL,"Milwaukee vs Minnesota Winner?",,19,27,17,active
2025-12-20T00:09:43.305007,KXNBAGAME-25DEC21CHIATL-CHI,"Chicago vs Atlanta Winner?",,30,38,148,active
2025-12-20T00:09:43.305007,KXNBAGAME-25DEC21CHIATL-ATL,"Chicago vs Atlanta Winner?",,62,70,273,active
2025-12-20T00:09:43.305007,KXNBAGAME-25DEC20CHADET-DET,"Charlotte vs Detroit Winner?",,77,81,9573,active
2025-12-20T00:09:43.305007,KXNBAGAME-25DEC20CHADET-CHA,"Charlotte vs Detroit Winner?",,20,22,14864,active
2025-12-20T00:09:43.305007,KXNBAGAME-25DEC19SASATL-SAS,"San Antonio vs Atlanta Winner?",,61,62,533924,active
2025-12-20T00:09:43.305007,KXNBAGAME-25DEC19SASATL-ATL,"San Antonio vs Atlanta Winner?",,39,40,95271,active
2025-12-20T00:10:47.480922,KXNBAGAME-25DEC21HOUSAC-SAC,"Houston vs Sacramento Winner?",,17,28,69,active
2025-12-20T00:10:47.480922,KXNBAGAME-25DEC21HOUSAC-HOU,"Houston vs Sacramento Winner?",,69,78,76,active
2025-12-20T00:10:47.480922,KXNBAGAME-25DEC21SASWAS-WAS,"San Antonio vs Washington Winner?",,13,15,390,active
2025-12-20T00:10:47.480922,KXNBAGAME-25DEC21SASWAS-SAS,"San Antonio vs Washington Winner?",,80,87,490,active
2025-12-20T00:10:47.480922,KXNBAGAME-25DEC21MILMIN-MIN,"Milwaukee vs Minnesota Winner?",,70,76,92,active
2025-12-20T00:10:47.480922,KXNBAGAME-25DEC21MILMIN-MIL,"Milwaukee vs Minnesota Winner?",,19,27,17,active
2025-12-20T00:10:47.480922,KXNBAGAME-25DEC20LALLAC-LAL,"Los Angeles L vs Los Angeles C Winner?",,66,69,12285,active
2025-12-20T00:10:47.480922,KXNBAGAME-25DEC20LALLAC-LAC,"Los Angeles L vs Los Angeles C Winner?",,31,35,3256,active
2025-12-20T00:10:47.480922,KXNBAGAME-25DEC20INDNOP-NOP,"Indiana vs New Orleans Winner?",,56,59,1092,active
2025-12-20T00:10:47.480922,KXNBAGAME-25DEC20INDNOP-IND,"Indiana vs New Orleans Winner?",,41,47,2946,active
2025-12-20T00:10:47.480922,KXNBAGAME-25DEC19CHICLE-CLE,"Chicago vs Cleveland Winner?",,61,62,115492,active
2025-12-20T00:10:47.480922,KXNBAGAME-25DEC19CHICLE-CHI,"Chicago vs Cleveland Winner?",,39,40,516817,active
2025-12-20T00:10:47.480922,KXNBAGAME-25DEC19MIABOS-MIA,"Miami vs Boston Winner?",,27,29,1103173,active
2025-12-20T00:10:47.480922,KXNBAGAME-25DEC19MIABOS-BOS,"Miami vs Boston Winner?",,72,73,269744,active
2025-12-20T00:11:53.222961,KXNBAGAME-25DEC21HOUSAC-SAC,"Houston vs Sacramento Winner?",,17,28,69,active
2025-12-20T00:11:53.222961,KXNBAGAME-25DEC21HOUSAC-HOU,"Houston vs Sacramento Winner?",,69,78,76,active
2025-12-20T00:11:53.222961,KXNBAGAME-25DEC21SASWAS-WAS,"San Antonio vs Washington Winner?",,13,15,390,active
2025-12-20T00:11:53.222961,KXNBAGAME-25DEC21SASWAS-SAS,"San Antonio vs Washington Winner?",,80,87,490,active
2025-12-20T00:11:53.222961,KXNBAGAME-25DEC21MILMIN-MIN,"Milwaukee vs Minnesota Winner?",,70,76,92,active
2025-12-20T00:11:53.222961,KXNBAGAME-25DEC21MILMIN-MIL,"Milwaukee vs Minnesota Winner?",,19,27,17,active
2025-12-20T00:11:53.222961,KXNBAGAME-25DEC21CHIATL-CHI,"Chicago vs Atlanta Winner?",,30,38,148,active
2025-12-20T00:11:53.222961,KXNBAGAME-25DEC21CHIATL-ATL,"Chicago vs Atlanta Winner?",,62,70,273,active
2025-12-20T00:11:53.222961,KXNBAGAME-25DEC20ORLUTA-UTA,"Orlando vs Utah Winner?",,24,33,1826,active
2025-12-20T00:11:53.222961,KXNBAGAME-25DEC20ORLUTA-ORL,"Orlando vs Utah Winner?",,69,70,3336,active
2025-12-20T00:11:53.222961,KXNBAGAME-25DEC20BOSTOR-TOR,"Boston vs Toronto Winner?",,47,51,890,active
2025-12-20T00:11:53.222961,KXNBAGAME-25DEC20BOSTOR-BOS,"Boston vs Toronto Winner?",,51,54,2480,active
2025-12-20T00:11:53.222961,KXNBAGAME-25DEC19CHICLE-CLE,"Chicago vs Cleveland Winner?",,61,62,115493,active
2025-12-20T00:11:53.222961,KXNBAGAME-25DEC19CHICLE-CHI,"Chicago vs Cleveland Winner?",,39,40,516874,active
2025-12-20T00:12:57.223940,KXNBAGAME-25DEC21HOUSAC-SAC,"Houston vs Sacramento Winner?",,17,28,69,active
2025-12-20T00:12:57.223940,KXNBAGAME-25DEC21HOUSAC-HOU,"Houston vs Sacramento Winner?",,69,78,76,active
2025-12-20T00:12:57.223940,KXNBAGAME-25DEC21SASWAS-WAS,"San Antonio vs Washington Winner?",,13,15,390,active
2025-12-20T00:12:57.223940,KXNBAGAME-25DEC21SASWAS-SAS,"San Antonio vs Washington Winner?",,80,87,490,active
2025-12-20T00:12:57.223940,KXNBAGAME-25DEC21MILMIN-MIN,"Milwaukee vs Minnesota Winner?",,70,76,92,active
2025-12-20T00:12:57.223940,KXNBAGAME-25DEC21MILMIN-MIL,"Milwaukee vs Minnesota Winner?",,19,27,17,active
2025-12-20T00:12:57.223940,KXNBAGAME-25DEC20LALLAC-LAL,"Los Angeles L vs Los Angeles C Winner?",,66,69,12285,active
2025-12-20T00:12:57.223940,KXNBAGAME-25DEC20LALLAC-LAC,"Los Angeles L vs Los Angeles C Winner?",,31,35,3256,active
2025-12-20T00:12:57.223940,KXNBAGAME-25DEC20INDNOP-NOP,"Indiana vs New Orleans Winner?",,56,59,1092,active
2025-12-20T00:12:57.223940,KXNBAGAME-25DEC20INDNOP-IND,"Indiana vs New Orleans Winner?",,41,47,2946,active
2025-12-20T00:12:57.223940,KXNBAGAME-25DEC19PHINYK-PHI,"Philadelphia vs New York Winner?",,30,32,932474,active
2025-12-20T00:12:57.223940,KXNBAGAME-25DEC19PHINYK-NYK,"Philadelphia vs New York Winner?",,69,70,670432,active
2025-12-20T00:14:01.950164,KXNBAGAME-25DEC21HOUSAC-SAC,"Houston vs Sacramento Winner?",,17,28,69,active
2025-12-20T00:14:01.950164,KXNBAGAME-25DEC21HOUSAC-HOU,"Houston vs Sacramento Winner?",,69,78,76,active
2025-12-20T00:14:01.950164,KXNBAGAME-25DEC21SASWAS-WAS,"San Antonio vs Washington Winner?",,13,15,390,active
2025-12-20T00:14:01.950164,KXNBAGAME-25DEC21SASWAS-SAS,"San Antonio vs Washington Winner?",,80,87,490,active
2025-12-20T00:14:01.950164,KXNBAGAME-25DEC21MILMIN-MIN,"Milwaukee vs Minnesota Winner?",,70,76,142,active
2025-12-20T00:14:01.950164,KXNBAGAME-25DEC21MILMIN-MIL,"Milwaukee vs Minnesota Winner?",,19,27,17,active
2025-12-20T00:14:01.950164,KXNBAGAME-25DEC21CHIATL-CHI,"Chicago vs Atlanta Winner?",,30,38,247,active
2025-12-20T00:14:01.950164,KXNBAGAME-25DEC21CHIATL-ATL,"Chicago vs Atlanta Winner?",,62,70,273,active
2025-12-20T00:14:01.950164,KXNBAGAME-25DEC20INDNOP-NOP,"Indiana vs New Orleans Winner?",,56,59,1092,active
2025-12-20T00:14:01.950164,KXNBAGAME-25DEC20INDNOP-IND,"Indiana vs New Orleans Winner?",,41,46,2946,active
2025-12-20T00:14:01.950164,KXNBAGAME-25DEC19CHICLE-CLE,"Chicago vs Cleveland Winner?",,61,62,117443,active
2025-12-20T00:14:01.950164,KXNBAGAME-25DEC19CHICLE-CHI,"Chicago vs Cleveland Winner?",,39,40,518024,active
2025-12-20T00:15:07.860998,KXNBAGAME-25DEC21HOUSAC-SAC,"Houston vs Sacramento Winner?",,18,26,69,active
2025-12-20T00:15:07.860998,KXNBAGAME-25DEC21HOUSAC-HOU,"Houston vs Sacramento Winner?",,69,78,76,active
2025-12-20T00:15:07.860998,KXNBAGAME-25DEC21SASWAS-WAS,"San Antonio vs Washington Winner?",,13,15,390,active
2025-12-20T00:15:07.860998,KXNBAGAME-25DEC21SASWAS-SAS,"San Antonio vs Washington Winner?",,80,87,490,active
2025-12-20T00:15:07.860998,KXNBAGAME-25DEC21MILMIN-MIN,"Milwaukee vs Minnesota Winner?",,70,76,142,active
2025-12-20T00:15:07.860998,KXNBAGAME-25DEC21MILMIN-MIL,"Milwaukee vs Minnesota Winner?",,19,27,17,active
2025-12-20T00:15:07.860998,KXNBAGAME-25DEC21CHIATL-CHI,"Chicago vs Atlanta Winner?",,30,38,247,active
2025-12-20T00:15:07.860998,KXNBAGAME-25DEC21CHIATL-ATL,"Chicago vs Atlanta Winner?",,62,70,273,active
2025-12-20T00:15:07.860998,KXNBAGAME-25DEC20CHADET-DET,"Charlotte vs Detroit Winner?",,77,81,9573,active
2025-12-20T00:15:07.860998,KXNBAGAME-25DEC20CHADET-CHA,"Charlotte vs Detroit Winner?",,20,22,14864,active
2025-12-20T00:15:07.860998,KXNBAGAME-25DEC19CHICLE-CLE,"Chicago vs Cleveland Winner?",,61,62,117871,active
2025-12-20T00:15:07.860998,KXNBAGAME-25DEC19CHICLE-CHI,"Chicago vs Cleveland Winner?",,39,40,518076,active
2025-12-20T00:16:51.694491,KXNBAGAME-25DEC21HOUSAC-SAC,"Houston vs Sacramento Winner?",,18,26,69,active
2025-12-20T00:16:51.694491,KXNBAGAME-25DEC21HOUSAC-HOU,"Houston vs Sacramento Winner?",,69,78,76,active
2025-12-20T00:16:51.694491,KXNBAGAME-25DEC21SASWAS-WAS,"San Antonio vs Washington Winner?",,13,15,390,active
2025-12-20T00:16:51.694491,KXNBAGAME-25DEC21SASWAS-SAS,"San Antonio vs Washington Winner?",,80,87,490,active
2025-12-20T00:16:51.694491,KXNBAGAME-25DEC21MILMIN-MIN,"Milwaukee vs Minnesota Winner?",,70,76,142,active
2025-12-20T00:16:51.694491,KXNBAGAME-25DEC21MILMIN-MIL,"Milwaukee vs Minnesota Winner?",,19,27,17,active
2025-12-20T00:16:51.694491,KXNBAGAME-25DEC20LALLAC-LAL,"Los Angeles L vs Los Angeles C Winner?",,66,69,12285,active
2025-12-20T00:16:51.694491,KXNBAGAME-25DEC20LALLAC-LAC,"Los Angeles L vs Los Angeles C Winner?",,31,35,3256,active
2025-12-20T00:16:51.694491,KXNBAGAME-25DEC20INDNOP-NOP,"Indiana vs New Orleans Winner?",,56,59,1092,active
2025-12-20T00:16:51.694491,KXNBAGAME-25DEC20INDNOP-IND,"Indiana vs New Orleans Winner?",,41,45,2946,active
2025-12-20T00:16:51.694491,KXNBAGAME-25DEC19CHICLE-CLE,"Chicago vs Cleveland Winner?",,61,62,117941,active
2025-12-20T00:16:51.694491,KXNBAGAME-25DEC19CHICLE-CHI,"Chicago vs Cleveland Winner?",,39,40,518583,active
2025-12-20T00:19:47.607537,KXNBAGAME-25DEC21HOUSAC-SAC,"Houston vs Sacramento Winner?",,17,26,69,active
2025-12-20T00:19:47.607537,KXNBAGAME-25DEC21HOUSAC-HOU,"Houston vs Sacramento Winner?",,69,78,76,active
2025-12-20T00:19:47.607537,KXNBAGAME-25DEC21SASWAS-WAS,"San Antonio vs Washington Winner?",,13,15,390,active
2025-12-20T00:19:47.607537,KXNBAGAME-25DEC21SASWAS-SAS,"San Antonio vs Washington Winner?",,80,87,490,active
2025-12-20T00:19:47.607537,KXNBAGAME-25DEC21MILMIN-MIN,"Milwaukee vs Minnesota Winner?",,70,76,142,active
2025-12-20T00:19:47.607537,KXNBAGAME-25DEC21MILMIN-MIL,"Milwaukee vs Minnesota Winner?",,19,27,17,active
2025-12-20T00:19:47.607537,KXNBAGAME-25DEC20LALLAC-LAL,"Los Angeles L vs Los Angeles C Winner?",,66,69,12285,active
2025-12-20T00:19:47.607537,KXNBAGAME-25DEC20LALLAC-LAC,"Los Angeles L vs Los Angeles C Winner?",,31,35,3256,active
2025-12-20T00:19:47.607537,KXNBAGAME-25DEC20INDNOP-NOP,"Indiana vs New Orleans Winner?",,56,57,1092,active
2025-12-20T00:19:47.607537,KXNBAGAME-25DEC20INDNOP-IND,"Indiana vs New Orleans Winner?",,41,45,2946,active
2025-12-20T00:19:47.607537,KXNBAGAME-25DEC19SASATL-SAS,"San Antonio vs Atlanta Winner?",,61,62,562878,active
2025-12-20T00:19:47.607537,KXNBAGAME-25DEC19SASATL-ATL,"San Antonio vs Atlanta Winner?",,39,40,97963,active
2025-12-20T00:19:47.607537,KXNBAGAME-25DEC19PHINYK-PHI,"Philadelphia vs New York Winner?",,39,40,1043567,active
2025-12-20T00:19:47.607537,KXNBAGAME-25DEC19PHINYK-NYK,"Philadelphia vs New York Winner?",,61,62,776447,active
2025-12-20T00:20:51.742340,KXNBAGAME-25DEC21HOUSAC-SAC,"Houston vs Sacramento Winner?",,17,28,69,active
2025-12-20T00:20:51.742340,KXNBAGAME-25DEC21HOUSAC-HOU,"Houston vs Sacramento Winner?",,69,78,76,active
2025-12-20T00:20:51.742340,KXNBAGAME-25DEC21SASWAS-WAS,"San Antonio vs Washington Winner?",,13,15,390,active
2025-12-20T00:20:51.742340,KXNBAGAME-25DEC21SASWAS-SAS,"San Antonio vs Washington Winner?",,80,87,490,active
2025-12-20T00:20:51.742340,KXNBAGAME-25DEC21MILMIN-MIN,"Milwaukee vs Minnesota Winner?",,70,76,142,active
2025-12-20T00:20:51.742340,KXNBAGAME-25DEC21MILMIN-MIL,"Milwaukee vs Minnesota Winner?",,19,27,17,active
2025-12-20T00:20:51.742340,KXNBAGAME-25DEC21CHIATL-CHI,"Chicago vs Atlanta Winner?",,30,38,247,active
2025-12-20T00:20:51.742340,KXNBAGAME-25DEC21CHIATL-ATL,"Chicago vs Atlanta Winner?",,62,70,273,active
2025-12-20T00:20:51.742340,KXNBAGAME-25DEC20CHADET-DET,"Charlotte vs Detroit Winner?",,78,81,9573,active
2025-12-20T00:20:51.742340,KXNBAGAME-25DEC20CHADET-CHA,"Charlotte vs Detroit Winner?",,20,22,14864,active
2025-12-20T00:20:51.742340,KXNBAGAME-25DEC19SASATL-SAS,"San Antonio vs Atlanta Winner?",,61,62,566010,active
2025-12-20T00:20:51.742340,KXNBAGAME-25DEC19SASATL-ATL,"San Antonio vs Atlanta Winner?",,39,40,99468,active
2025-12-20T00:21:55.811307,KXNBAGAME-25DEC21HOUSAC-SAC,"Houston vs Sacramento Winner?",,17,28,69,active
2025-12-20T00:21:55.811307,KXNBAGAME-25DEC21HOUSAC-HOU,"Houston vs Sacramento Winner?",,69,78,76,active
2025-12-20T00:21:55.811307,KXNBAGAME-25DEC21SASWAS-WAS,"San Antonio vs Washington Winner?",,13,15,390,active
2025-12-20T00:21:55.811307,KXNBAGAME-25DEC21SASWAS-SAS,"San Antonio vs Washington Winner?",,80,87,490,active
2025-12-20T00:21:55.811307,KXNBAGAME-25DEC21MILMIN-MIN,"Milwaukee vs Minnesota Winner?",,70,76,142,active
2025-12-20T00:21:55.811307,KXNBAGAME-25DEC21MILMIN-MIL,"Milwaukee vs Minnesota Winner?",,19,27,17,active
2025-12-20T00:21:55.811307,KXNBAGAME-25DEC21CHIATL-CHI,"Chicago vs Atlanta Winner?",,30,38,247,active
2025-12-20T00:21:55.811307,KXNBAGAME-25DEC21CHIATL-ATL,"Chicago vs Atlanta Winner?",,62,70,273,active
2025-12-20T00:21:55.811307,KXNBAGAME-25DEC20CHADET-DET,"Charlotte vs Detroit Winner?",,78,81,9574,active
2025-12-20T00:21:55.811307,KXNBAGAME-25DEC20CHADET-CHA,"Charlotte vs Detroit Winner?",,20,22,14864,active
2025-12-20T00:21:55.811307,KXNBAGAME-25DEC19CHICLE-CLE,"Chicago vs Cleveland Winner?",,61,62,120777,active
2025-12-20T00:21:55.811307,KXNBAGAME-25DEC19CHICLE-CHI,"Chicago vs Cleveland Winner?",,39,40,532496,active
